Rank;Codigo_Instituicao;Instituicao;Exportacao_Quant;Exportacao_Valor;Importacao_Quant;Importacao_Valor;Transf_Exterior_Quant;Transf_Exterior_Valor;Transf_pExterior_Quant;Transf_pExterior_Valor;Mercado_Primario_Quant;Mercado_Primario_Valor;Mercado_Interbancario_Quant;Mercado_Interbancario_Valor;Total_Geral_Quant;Total_Geral_Valor;Extra;Extra_23
;;;;;;;;;;;;;;;;;;2022-01
1;90.400.888;BANCO SANTANDER (BRASIL) S.A.;5524.0;1948990122.0;17071.0;2538433979.0;19670.0;5161226233.0;30151.0;3963712385.0;72416.0;13612362720.0;1423.0;12104361544.0;73839.0;25716724263.0;;2022-01
2;60.701.190;ITAÚ UNIBANCO S.A.;7393.0;2294922760.0;27614.0;4245671710.0;30856.0;4046323415.0;33340.0;3704231469.0;99203.0;14291149355.0;747.0;10275632586.0;99950.0;24566781940.0;;2022-01
3;33.479.023;BANCO CITIBANK S.A.;1256.0;1467177376.0;8662.0;1844833564.0;8338.0;8851122685.0;9053.0;6426418371.0;27309.0;18589551996.0;679.0;4477477463.0;27988.0;23067029459.0;;2022-01
4;33.172.537;BANCO J.P. MORGAN S.A.;308.0;474562680.0;2815.0;705000240.0;1361.0;4419135397.0;2137.0;3524940929.0;6621.0;9123639247.0;877.0;6692833245.0;7498.0;15816472491.0;;2022-01
5;00.000.000;BANCO DO BRASIL S.A.;6949.0;2012679460.0;13564.0;1980507622.0;36974.0;1745004386.0;18455.0;3127827991.0;75942.0;8866019460.0;482.0;3524508281.0;76424.0;12390527741.0;;2022-01
6;30.306.294;BANCO BTG PACTUAL S.A.;196.0;378567787.0;1104.0;633078979.0;1519.0;915485010.0;2904.0;1091335475.0;5723.0;3018467252.0;594.0;7969619483.0;6317.0;10988086735.0;;2022-01
7;01.522.368;BANCO BNP PARIBAS BRASIL S.A.;214.0;361699312.0;1384.0;615082924.0;1452.0;1593207606.0;1933.0;1505267330.0;4983.0;4075257171.0;1730.0;6712780100.0;6713.0;10788037271.0;;2022-01
8;60.746.948;BANCO BRADESCO S.A.;4810.0;2153042652.0;11079.0;1685185075.0;25018.0;1867228041.0;13893.0;1540973088.0;54800.0;7246428857.0;786.0;2966177373.0;55586.0;10212606229.0;;2022-01
9;62.073.200;BANK OF AMERICA MERRILL LYNCH BANCO MÚLTIPLO S.A.;147.0;458213945.0;512.0;162679823.0;476.0;1981439267.0;656.0;1968324557.0;1791.0;4570657592.0;293.0;1964405502.0;2084.0;6535063094.0;;2022-01
10;03.532.415;BANCO ABN AMRO S.A.;;;;;252.0;2359329006.0;286.0;2191973406.0;538.0;4551302413.0;33.0;730000000.0;571.0;5281302413.0;;2022-01
11;09.274.232;STATE STREET BRASIL S.A. - BANCO COMERCIAL;;;;;172.0;1882446656.0;110.0;682214524.0;282.0;2564661179.0;131.0;2098580703.0;413.0;4663241882.0;;2022-01
12;04.332.281;GOLDMAN SACHS DO BRASIL BANCO MULTIPLO S.A.;;;1.0;199862045.0;227.0;1059985391.0;212.0;1376885857.0;440.0;2636733293.0;78.0;1999561165.0;518.0;4636294458.0;;2022-01
13;60.498.557;BANCO MUFG BRASIL S.A.;125.0;73089356.0;405.0;46148082.0;266.0;70964548.0;331.0;67420436.0;1127.0;257622421.0;1206.0;4331958835.0;2333.0;4589581256.0;;2022-01
14;61.533.584;BANCO SOCIETE GENERALE BRASIL S.A.;89.0;133916072.0;555.0;118183531.0;149.0;372148971.0;322.0;335491267.0;1115.0;959739841.0;726.0;3252186227.0;1841.0;4211926068.0;;2022-01
15;75.647.891;BANCO CRÉDIT AGRICOLE BRASIL S.A.;6.0;10245825.0;2.0;1380577.0;23.0;76038625.0;51.0;4263054.0;82.0;91928080.0;172.0;3024252387.0;254.0;3116180467.0;;2022-01
16;53.518.684;BANCO HSBC S.A.;23.0;117892157.0;175.0;425588474.0;97.0;359686225.0;107.0;53189298.0;402.0;956356154.0;343.0;1896552396.0;745.0;2852908550.0;;2022-01
17;59.588.111;BANCO VOTORANTIM S.A.;195.0;228221647.0;1091.0;356035228.0;237.0;285109306.0;572.0;309393096.0;2095.0;1178759276.0;754.0;1588588978.0;2849.0;2767348254.0;;2022-01
18;62.331.228;DEUTSCHE BANK S.A. - BANCO ALEMAO;100.0;248239183.0;204.0;103804508.0;333.0;435473946.0;401.0;271102376.0;1038.0;1058620013.0;362.0;1697667747.0;1400.0;2756287760.0;;2022-01
19;02.801.938;BANCO MORGAN STANLEY S.A.;5.0;80500000.0;5.0;819272.0;493.0;964184941.0;229.0;619374354.0;732.0;1664878567.0;28.0;870000000.0;760.0;2534878567.0;;2022-01
20;28.195.667;BANCO ABC BRASIL S.A.;135.0;95248029.0;362.0;71731150.0;62.0;222371580.0;368.0;248636135.0;927.0;637986895.0;323.0;1656805288.0;1250.0;2294792182.0;;2022-01
21;11.703.662;TRAVELEX BANCO DE CÂMBIO S.A.;769.0;95714364.0;2326.0;81197903.0;2112.0;203087755.0;7211.0;667523342.0;12418.0;1047523364.0;7143.0;853705692.0;19561.0;1901229056.0;;2022-01
22;33.987.793;BANCO DE INVESTIMENTOS CREDIT SUISSE (BRASIL) S.A.;;;;;197.0;582082021.0;215.0;510921439.0;412.0;1093003459.0;62.0;671572489.0;474.0;1764575948.0;;2022-01
23;31.872.495;BANCO C6 S.A.;56.0;67883175.0;681.0;68280607.0;2157.0;209457385.0;25846.0;350881297.0;28740.0;696502463.0;288.0;1031799652.0;29028.0;1728302115.0;;2022-01
24;33.264.668;BANCO XP S.A.;206.0;103024533.0;1841.0;283181830.0;1103.0;325473936.0;3177.0;445252683.0;6327.0;1156932982.0;98.0;569349665.0;6425.0;1726282647.0;;2022-01
25;29.030.467;SCOTIABANK BRASIL S.A. BANCO MÚLTIPLO;13.0;73307000.0;6.0;60535455.0;19.0;496504149.0;92.0;17412643.0;130.0;647759248.0;60.0;795612197.0;190.0;1443371444.0;;2022-01
26;78.632.767;BANCO OURINVEST S.A.;922.0;101700481.0;2237.0;241696345.0;12598.0;130781914.0;40013.0;301887076.0;55770.0;776065816.0;7117.0;578812014.0;62887.0;1354877829.0;;2022-01
27;68.900.810;BANCO RENDIMENTO S.A.;50.0;5942219.0;207.0;101717068.0;328018.0;430675875.0;3370.0;72478470.0;331645.0;610813632.0;8740.0;711012485.0;340385.0;1321826117.0;;2022-01
28;92.702.067;BANCO DO ESTADO DO RIO GRANDE DO SUL S.A.;513.0;38056000.0;417.0;24810990.0;332.0;8250825.0;431.0;565247558.0;1693.0;636365373.0;23.0;577473734.0;1716.0;1213839107.0;;2022-01
29;07.679.404;BANCO TOPÁZIO S.A.;34.0;16551129.0;36.0;4234922.0;304.0;177787803.0;561.0;443298803.0;935.0;641872657.0;1976.0;495189481.0;2911.0;1137062138.0;;2022-01
30;19.307.785;MS BANK S.A. BANCO DE CÂMBIO;55.0;2384401.0;685.0;33337782.0;173.0;10252188.0;11963.0;30385954.0;12876.0;76360325.0;775.0;1025286879.0;13651.0;1101647204.0;;2022-01
31;62.232.889;BANCO DAYCOVAL S.A.;449.0;77207801.0;1303.0;175208749.0;87596.0;133953596.0;2315.0;92586399.0;91663.0;478956546.0;1266.0;576290272.0;92929.0;1055246817.0;;2022-01
32;00.038.166;BANCO CENTRAL DO BRASIL;;;;;;;;;;;2.0;1000550694.0;2.0;1000550694.0;;2022-01
33;60.518.222;BANCO SUMITOMO MITSUI BRASILEIRO S.A.;104.0;47630891.0;594.0;126495762.0;255.0;279844742.0;449.0;162777001.0;1402.0;616748395.0;119.0;297461663.0;1521.0;914210059.0;;2022-01
34;58.616.418;BANCO FIBRA S.A.;111.0;148941030.0;917.0;171534543.0;31.0;14529980.0;229.0;26200247.0;1288.0;361205800.0;133.0;538248478.0;1421.0;899454278.0;;2022-01
35;61.088.183;BANCO MIZUHO DO BRASIL S.A.;59.0;59873056.0;185.0;83506982.0;57.0;97427004.0;120.0;22454237.0;421.0;263261278.0;175.0;590705773.0;596.0;853967052.0;;2022-01
36;58.160.789;BANCO SAFRA S.A.;197.0;33600804.0;890.0;133388913.0;827.0;182131593.0;1772.0;139796341.0;3686.0;488917651.0;589.0;332744284.0;4275.0;821661935.0;;2022-01
37;01.023.570;BANCO RABOBANK INTERNATIONAL BRASIL S.A.;77.0;235517756.0;15.0;2192733.0;92.0;81215787.0;213.0;132039006.0;397.0;450965282.0;122.0;317024482.0;519.0;767989764.0;;2022-01
38;07.450.604;CHINA CONSTRUCTION BANK (BRASIL) BANCO MÚLTIPLO S/A;51.0;58444591.0;246.0;53825395.0;18.0;153600986.0;279.0;189662128.0;594.0;455533100.0;50.0;124036508.0;644.0;579569608.0;;2022-01
39;15.114.366;BANCO BOCOM BBM S.A.;14.0;6643279.0;98.0;18337934.0;30.0;82688334.0;187.0;50674803.0;329.0;158344350.0;30.0;343781686.0;359.0;502126036.0;;2022-01
40;34.111.187;HAITONG BANCO DE INVESTIMENTO DO BRASIL S.A.;4.0;36471272.0;2.0;836736.0;2.0;1137.0;417.0;187106769.0;425.0;224415914.0;25.0;262124338.0;450.0;486540253.0;;2022-01
41;36.588.217;WISE BRASIL CORRETORA DE CÂMBIO LTDA;;;;;2443.0;12373180.0;165105.0;132386807.0;167548.0;144759987.0;2724.0;317568696.0;170272.0;462328683.0;;2022-01
42;33.923.798;BANCO MASTER S/A;108.0;63352901.0;356.0;15079229.0;19121.0;83716225.0;65500.0;136774144.0;85085.0;298922500.0;133.0;154637198.0;85218.0;453559698.0;;2022-01
43;07.656.500;BANCO KDB DO BRASIL S.A.;;;1.0;899038.0;80.0;28184266.0;314.0;193348090.0;395.0;222431395.0;82.0;221086663.0;477.0;443518058.0;;2022-01
44;71.027.866;BANCO BS2 S.A.;301.0;52074895.0;1117.0;62279732.0;8212.0;120185406.0;22072.0;116859423.0;31702.0;351399456.0;98.0;90735707.0;31800.0;442135163.0;;2022-01
45;00.997.185;BANCO B3 S.A.;;;;;140.0;113169770.0;134.0;160940890.0;274.0;274110660.0;74.0;89566778.0;348.0;363677438.0;;2022-01
46;03.609.817;BANCO CARGILL S.A.;21.0;153449733.0;1.0;49271.0;2.0;211755.0;17.0;2250767.0;41.0;155961527.0;4.0;200000000.0;45.0;355961527.0;;2022-01
47;55.230.916;INTESA SANPAOLO BRASIL S.A. - BANCO MÚLTIPLO;5.0;60438854.0;19.0;2435743.0;35.0;112602763.0;51.0;9007756.0;110.0;184485116.0;21.0;168493196.0;131.0;352978312.0;;2022-01
48;00.416.968;BANCO INTER S.A.;15.0;18107534.0;6.0;71570.0;7181.0;12532353.0;2775.0;134388428.0;9977.0;165099886.0;69.0;170381161.0;10046.0;335481047.0;;2022-01
49;01.181.521;BANCO COOPERATIVO SICREDI S.A.;642.0;22644079.0;751.0;38996564.0;604.0;112325894.0;358.0;15189429.0;2355.0;189155967.0;18.0;123670355.0;2373.0;312826322.0;;2022-01
50;00.360.305;CAIXA ECONOMICA FEDERAL;104.0;41186458.0;91.0;8370192.0;7652.0;51289919.0;663.0;43113852.0;8510.0;143960421.0;363.0;126214109.0;8873.0;270174530.0;;2022-01
51;13.059.145;BEXS BANCO DE CÂMBIO S/A;18.0;35398883.0;94.0;5016914.0;10383.0;29654248.0;90365.0;70048573.0;100860.0;140118618.0;194.0;118068710.0;101054.0;258187328.0;;2022-01
52;08.609.934;MONEYCORP BANCO DE CÂMBIO S.A.;10.0;1715149.0;189.0;10933854.0;182.0;25025386.0;1228.0;94111227.0;1609.0;131785617.0;198.0;114867743.0;1807.0;246653360.0;;2022-01
53;73.622.748;B&T CORRETORA DE CAMBIO LTDA.;135.0;3221939.0;798.0;30064286.0;3644.0;23507211.0;3242.0;56966031.0;7819.0;113759468.0;1787.0;101097781.0;9606.0;214857249.0;;2022-01
54;28.811.341;STONEX BANCO DE CÂMBIO S.A.;20.0;4073929.0;62.0;2012846.0;3481.0;92593146.0;176.0;4003704.0;3739.0;102683625.0;223.0;98507901.0;3962.0;201191526.0;;2022-01
55;92.856.905;ADVANCED CORRETORA DE CÂMBIO LTDA;149.0;5605637.0;1653.0;38013779.0;1588.0;22607104.0;3449.0;44821317.0;6839.0;111047836.0;423.0;81611451.0;7262.0;192659287.0;;2022-01
56;61.024.352;BANCO VOITER S.A.;50.0;16666712.0;75.0;15213020.0;117.0;13313971.0;834.0;71913760.0;1076.0;117107463.0;69.0;64230669.0;1145.0;181338132.0;;2022-01
57;45.246.410;BANCO GENIAL S.A.;38.0;3713773.0;20.0;4134475.0;253.0;47443568.0;367.0;54058765.0;678.0;109350580.0;25.0;70170422.0;703.0;179521003.0;;2022-01
58;10.690.848;BANCO DA CHINA BRASIL S.A.;14.0;27568506.0;14.0;5365497.0;17.0;178234.0;77.0;38300263.0;122.0;71412500.0;61.0;106249664.0;183.0;177662164.0;;2022-01
59;32.648.370;FAIR CORRETORA DE CAMBIO S.A.;107.0;2853496.0;1041.0;33785274.0;494.0;10326999.0;1416.0;20605459.0;3058.0;67571229.0;889.0;62026351.0;3947.0;129597580.0;;2022-01
60;60.770.336;BANCO ALFA DE INVESTIMENTO S.A.;11.0;23183786.0;21.0;10891889.0;7.0;1525981.0;63.0;7721176.0;102.0;43322831.0;24.0;83450973.0;126.0;126773804.0;;2022-01
61;30.723.886;BANCO MODAL S.A.;8.0;1385428.0;47.0;13382761.0;97.0;17322814.0;157.0;39207547.0;309.0;71298550.0;5.0;50000000.0;314.0;121298550.0;;2022-01
62;61.186.680;BANCO BMG S.A.;1.0;900000.0;;;17.0;423283.0;48.0;3786439.0;66.0;5109723.0;7.0;112495445.0;73.0;117605168.0;;2022-01
63;00.250.699;AGK CORRETORA DE CAMBIO S.A.;149.0;4195757.0;832.0;31649018.0;441.0;9543633.0;612.0;11406178.0;2034.0;56794585.0;549.0;47262615.0;2583.0;104057200.0;;2022-01
64;24.074.692;GUITTA CORRETORA DE CAMBIO LTDA.;124.0;2689137.0;1272.0;35038719.0;344.0;4927655.0;1087.0;13492438.0;2827.0;56147949.0;588.0;46036141.0;3415.0;102184090.0;;2022-01
65;02.992.317;TREVISO CORRETORA DE CÂMBIO S.A.;83.0;1593095.0;733.0;18407602.0;1788.0;9231466.0;1649.0;19206302.0;4253.0;48438464.0;2680.0;47732742.0;6933.0;96171206.0;;2022-01
66;33.657.248;BANCO NACIONAL DE DESENVOLVIMENTO ECONOMICO E SOCIAL;26.0;82453015.0;;;25.0;13682516.0;;;51.0;96135531.0;;;51.0;96135531.0;;2022-01
67;62.144.175;BANCO PINE S.A.;16.0;10182165.0;181.0;24806820.0;5.0;1383870.0;26.0;6478173.0;228.0;42851027.0;9.0;45995350.0;237.0;88846377.0;;2022-01
68;13.728.156;WESTERN UNION CORRETORA DE CÂMBIO S.A.;;;;;7513.0;36041381.0;10103.0;40338143.0;17616.0;76379524.0;169.0;10942917.0;17785.0;87322442.0;;2022-01
69;04.913.129;CONFIDENCE CORRETORA DE CÂMBIO S.A.;;;;;836.0;9494375.0;3079.0;31151436.0;3915.0;40645811.0;2976.0;30055184.0;6891.0;70700994.0;;2022-01
70;16.944.141;BROKER BRASIL CORRETORA DE CÂMBIO LTDA.;23.0;580667.0;632.0;24686329.0;184.0;4639626.0;575.0;7349338.0;1414.0;37255960.0;1046.0;33233748.0;2460.0;70489708.0;;2022-01
71;17.354.911;COTACAO DISTRIBUIDORA DE TITULOS E VALORES MOBILIARIOS S.A;27.0;800143.0;261.0;5394467.0;1742.0;12319113.0;2802.0;22803028.0;4832.0;41316751.0;837.0;21655067.0;5669.0;62971818.0;;2022-01
72;02.318.507;BANCO KEB HANA DO BRASIL S.A.;;;29.0;6787426.0;42.0;826487.0;131.0;23603975.0;202.0;31217888.0;53.0;30313314.0;255.0;61531202.0;;2022-01
73;59.118.133;BANCO LUSO BRASILEIRO S.A.;68.0;8765492.0;147.0;8936815.0;25.0;3601746.0;139.0;3685240.0;379.0;24989294.0;254.0;33829062.0;633.0;58818355.0;;2022-01
74;60.889.128;BANCO SOFISA S.A.;119.0;21078608.0;34.0;3066567.0;12.0;3655604.0;78.0;5279103.0;243.0;33079882.0;29.0;23252771.0;272.0;56332653.0;;2022-01
75;15.357.060;BANCO WOORI BANK DO BRASIL S.A.;7.0;433004.0;58.0;14996507.0;76.0;4969513.0;218.0;10473785.0;359.0;30872809.0;115.0;23145674.0;474.0;54018483.0;;2022-01
76;31.895.683;BANCO INDUSTRIAL DO BRASIL S.A.;23.0;15608376.0;30.0;2249930.0;37.0;515616.0;84.0;3930096.0;174.0;22304018.0;53.0;28639020.0;227.0;50943038.0;;2022-01
77;33.466.988;BANCO CAIXA GERAL - BRASIL S.A.;1.0;3352057.0;;;10.0;91071.0;46.0;18483257.0;57.0;21926384.0;10.0;26941630.0;67.0;48868014.0;;2022-01
78;00.000.208;BRB - BANCO DE BRASILIA S.A.;;;2.0;48945.0;43.0;23011003.0;200.0;1171503.0;245.0;24231451.0;12.0;23515387.0;257.0;47746838.0;;2022-01
79;11.495.073;OM DISTRIBUIDORA DE TÍTULOS E VALORES MOBILIÁRIOS LTDA;1.0;42365.0;15.0;225940.0;615.0;2627932.0;957.0;6190514.0;1588.0;9086751.0;1169.0;36891904.0;2757.0;45978655.0;;2022-01
80;76.641.497;DOURADA CORRETORA DE CÂMBIO LTDA.;73.0;7582972.0;235.0;8208506.0;344.0;2658552.0;792.0;7839737.0;1444.0;26289767.0;692.0;18378793.0;2136.0;44668560.0;;2022-01
81;17.453.575;ICBC DO BRASIL BANCO MÚLTIPLO S.A.;1.0;20000000.0;3.0;260736.0;;;12.0;38185.0;16.0;20298920.0;2.0;20240000.0;18.0;40538920.0;;2022-01
82;92.894.922;BANCO ORIGINAL S.A.;1.0;30448.0;6.0;3974016.0;65.0;60260.0;134.0;12941067.0;206.0;17005791.0;17.0;22596305.0;223.0;39602096.0;;2022-01
83;50.579.044;LEVYCAM - CORRETORA DE CAMBIO E VALORES LTDA.;26.0;1446519.0;442.0;14127626.0;159.0;1425128.0;507.0;3323655.0;1134.0;20322928.0;568.0;17550163.0;1702.0;37873091.0;;2022-01
84;36.658.769;BANCO XCMG BRASIL S.A.;;;4.0;16425420.0;;;2.0;1988.0;6.0;16427408.0;3.0;16434481.0;9.0;32861889.0;;2022-01
85;04.062.902;VISION S.A. CORRETORA DE CAMBIO;35.0;482106.0;271.0;8363646.0;1817.0;2428438.0;316.0;3572203.0;2439.0;14846393.0;627.0;14576916.0;3066.0;29423309.0;;2022-01
86;46.518.205;JPMORGAN CHASE BANK, NATIONAL ASSOCIATION;;;;;9.0;9352355.0;4.0;3921041.0;13.0;13273396.0;6.0;12525000.0;19.0;25798396.0;;2022-01
87;02.038.232;BANCO COOPERATIVO SICOOB S.A. - BANCO SICOOB;95.0;7550251.0;112.0;3224891.0;102.0;3123877.0;41.0;8916533.0;350.0;22815553.0;5.0;2021250.0;355.0;24836803.0;;2022-01
88;34.265.629;INTERCAM CORRETORA DE CÂMBIO LTDA.;4.0;100788.0;165.0;8900117.0;47.0;749447.0;211.0;2244860.0;427.0;11995212.0;352.0;11979397.0;779.0;23974608.0;;2022-01
89;17.184.037;BANCO MERCANTIL DO BRASIL S.A.;;;2.0;204912.0;51.0;524657.0;62.0;156579.0;115.0;886149.0;19.0;22891220.0;134.0;23777368.0;;2022-01
90;71.677.850;FRENTE CORRETORA DE CÂMBIO LTDA.;2.0;100042.0;58.0;768427.0;85.0;754661.0;715.0;2345331.0;860.0;3968461.0;397.0;19152295.0;1257.0;23120756.0;;2022-01
91;06.373.777;BOA VIAGEM SOCIEDADE CORRETORA DE CÂMBIO LTDA.;8.0;276204.0;55.0;1450155.0;228.0;1294745.0;844.0;7613110.0;1135.0;10634215.0;771.0;10075847.0;1906.0;20710061.0;;2022-01
92;19.086.249;EXECUTIVE CORRETORA DE CÂMBIO LTDA.;14.0;178510.0;120.0;4070988.0;309.0;1974445.0;608.0;4169081.0;1051.0;10393024.0;626.0;8705983.0;1677.0;19099006.0;;2022-01
93;17.508.380;INVEST CORRETORA DE CÂMBIO LTDA.;;;;;277.0;3713201.0;313.0;4712332.0;590.0;8425533.0;336.0;10490102.0;926.0;18915635.0;;2022-01
94;40.353.377;FOURTRADE CORRETORA DE CÂMBIO LTDA.;5.0;487307.0;186.0;4554414.0;106.0;1225155.0;313.0;3475950.0;610.0;9742827.0;200.0;8572822.0;810.0;18315649.0;;2022-01
95;74.828.799;NOVO BANCO CONTINENTAL S.A. - BANCO MÚLTIPLO;9.0;1375215.0;2.0;14012.0;;;17.0;6213316.0;28.0;7602543.0;3.0;9200000.0;31.0;16802543.0;;2022-01
96;13.220.493;BR PARTNERS BANCO DE INVESTIMENTO S.A.;;;23.0;7432831.0;2.0;147506.0;49.0;880407.0;74.0;8460744.0;3.0;7500000.0;77.0;15960744.0;;2022-01
97;27.842.177;IB CORRETORA DE CÂMBIO, TÍTULOS E VALORES MOBILIÁRIOS S.A.;9.0;790832.0;38.0;1198794.0;43.0;1565489.0;641.0;3944735.0;731.0;7499850.0;403.0;7482631.0;1134.0;14982481.0;;2022-01
98;34.666.362;MONOPÓLIO CORRETORA DE CÂMBIO LTDA.;;;;;1187.0;542905.0;633.0;488257.0;1820.0;1031162.0;103.0;13650412.0;1923.0;14681573.0;;2022-01
99;00.795.423;BANCO SEMEAR S.A.;;;98.0;4974510.0;15.0;1526942.0;40.0;1348082.0;153.0;7849534.0;36.0;6708996.0;189.0;14558530.0;;2022-01
100;12.392.983;MIRAE ASSET WEALTH MANAGEMENT (BRAZIL) CORRETORA DE CÂMBIO, TÍTULOS E VALORES MOBILIÁRIOS LTDA.;;;166.0;6202764.0;38.0;219881.0;48.0;371470.0;252.0;6794115.0;210.0;6987101.0;462.0;13781215.0;;2022-01
101;77.162.881;DEBONI DISTRIBUIDORA DE TITULOS E VALORES MOBILIARIOS LTDA;1.0;10000.0;81.0;3093757.0;198.0;215935.0;380.0;1127849.0;660.0;4447541.0;255.0;9208844.0;915.0;13656385.0;;2022-01
102;04.913.711;BANCO DO ESTADO DO PARÁ S.A.;57.0;6432169.0;7.0;223638.0;23.0;157414.0;45.0;151282.0;132.0;6964503.0;27.0;6615000.0;159.0;13579503.0;;2022-01
103;23.522.214;COMMERZBANK BRASIL S.A. - BANCO MÚLTIPLO;7.0;2128781.0;16.0;4128444.0;3.0;87735.0;11.0;13514.0;37.0;6358475.0;10.0;7167907.0;47.0;13526381.0;;2022-01
104;18.287.740;CONECTA CORRETORA DE CÂMBIO LTDA.;12.0;408816.0;45.0;969883.0;140.0;2363187.0;289.0;3975492.0;486.0;7717379.0;285.0;5506744.0;771.0;13224123.0;;2022-01
105;14.190.547;CAMBIONET CORRETORA DE CÂMBIO LTDA.;19.0;280865.0;33.0;821226.0;252.0;742291.0;889.0;4910383.0;1193.0;6754765.0;802.0;5823338.0;1995.0;12578102.0;;2022-01
106;40.333.582;PROSEFTUR CORRETORA DE CÂMBIO LTDA.;24.0;603907.0;160.0;4155254.0;14.0;352518.0;57.0;729821.0;255.0;5841500.0;237.0;6111633.0;492.0;11953133.0;;2022-01
107;73.302.408;EXIM CORRETORA DE CAMBIO LTDA;3.0;72232.0;59.0;1413531.0;83.0;1795345.0;199.0;2140159.0;344.0;5421266.0;281.0;5311721.0;625.0;10732987.0;;2022-01
108;10.853.017;GET MONEY CORRETORA DE CÂMBIO S.A.;;;5.0;271570.0;271.0;2007058.0;551.0;4636281.0;827.0;6914909.0;590.0;2827992.0;1417.0;9742901.0;;2022-01
109;07.333.726;ONNIX CORRETORA DE CÂMBIO LTDA.;4.0;825875.0;53.0;3194624.0;8.0;88243.0;30.0;1523596.0;95.0;5632339.0;63.0;3968224.0;158.0;9600562.0;;2022-01
110;17.904.906;BRX CORRETORA DE CÂMBIO LTDA.;;;;;118.0;406326.0;298.0;1738265.0;416.0;2144591.0;330.0;7148965.0;746.0;9293557.0;;2022-01
111;17.772.370;VIP'S CORRETORA DE CÂMBIO LTDA.;3.0;3080.0;43.0;2007796.0;83.0;527713.0;302.0;2462115.0;431.0;5000703.0;232.0;4274727.0;663.0;9275430.0;;2022-01
112;07.237.373;BANCO DO NORDESTE DO BRASIL S.A.;15.0;1528604.0;7.0;451229.0;10.0;588985.0;22.0;265108.0;54.0;2833926.0;17.0;5930188.0;71.0;8764114.0;;2022-01
113;04.684.647;ARC CORRETORA DE CAMBIO, ASSOCIADOS GOUVEIA, CAMPEDELLI S.A.;48.0;220156.0;32.0;747410.0;227.0;3643569.0;268.0;976336.0;575.0;5587471.0;79.0;3046303.0;654.0;8633774.0;;2022-01
114;33.851.064;DILLON S/A DISTRIBUIDORA DE TITULOS E VALORES MOBILIARIOS;4.0;29778.0;15.0;524656.0;44.0;2685953.0;56.0;3227731.0;119.0;6468118.0;78.0;2127778.0;197.0;8595897.0;;2022-01
115;94.968.518;DECYSEO CORRETORA DE CAMBIO LTDA.;3.0;65914.0;29.0;1199036.0;150.0;877384.0;195.0;1924531.0;377.0;4066865.0;139.0;3714189.0;516.0;7781053.0;;2022-01
116;06.132.348;LABOR SOCIEDADE CORRETORA DE CÂMBIO LTDA.;14.0;473246.0;52.0;1147908.0;242.0;1260819.0;370.0;1843626.0;678.0;4725599.0;220.0;2713251.0;898.0;7438850.0;;2022-01
117;80.202.872;CORREPARTI CORRETORA DE CAMBIO LTDA;5.0;215213.0;111.0;2005249.0;51.0;286003.0;110.0;637022.0;277.0;3143486.0;230.0;3104687.0;507.0;6248174.0;;2022-01
118;15.482.499;TURCÂMBIO - CORRETORA DE CÂMBIO LTDA.;2.0;8842.0;26.0;562772.0;310.0;1205507.0;367.0;2044412.0;705.0;3821532.0;216.0;1963915.0;921.0;5785448.0;;2022-01
119;25.280.945;AVS CORRETORA DE CÂMBIO LTDA.;24.0;83437.0;37.0;772569.0;151.0;374525.0;373.0;2045467.0;585.0;3275999.0;231.0;2464071.0;816.0;5740070.0;;2022-01
120;30.183.111;TURMA CORRETORA DE CÂMBIO LTDA;;;4.0;170237.0;85.0;280760.0;256.0;1328872.0;345.0;1779869.0;335.0;3250996.0;680.0;5030865.0;;2022-01
121;61.444.949;SAGITUR CORRETORA DE CÂMBIO LTDA.;;;35.0;1475409.0;102.0;267912.0;75.0;300241.0;212.0;2043562.0;127.0;2589246.0;339.0;4632808.0;;2022-01
122;61.033.106;BANCO CREFISA S.A.;;;;;2.0;2258000.0;5.0;40337.0;7.0;2298337.0;3.0;2316173.0;10.0;4614510.0;;2022-01
123;00.806.535;PLANNER CORRETORA DE VALORES S.A.;;;16.0;631586.0;27.0;963683.0;45.0;613940.0;88.0;2209209.0;82.0;2209209.0;170.0;4418419.0;;2022-01
124;17.312.083;H H PICCHIONI S/A CORRETORA DE CAMBIO E VALORES MOBILIARIOS;;;;;148.0;319688.0;442.0;1927714.0;590.0;2247402.0;205.0;1730082.0;795.0;3977483.0;;2022-01
125;33.042.151;BANCO DE LA NACION ARGENTINA;1.0;1200000.0;2.0;340591.0;347.0;218291.0;20.0;115200.0;370.0;1874082.0;4.0;1770000.0;374.0;3644082.0;;2022-01
126;71.590.442;LASTRO RDV DISTRIBUIDORA DE TÍTULOS E VALORES MOBILIÁRIOS LTDA.;7.0;64548.0;41.0;844356.0;43.0;254244.0;101.0;669823.0;192.0;1832971.0;168.0;1805507.0;360.0;3638478.0;;2022-01
127;73.279.093;PACIFIC INVEST DISTRIBUIDORA DE TITULOS E VALORES MOBILIARIOS LTDA;1.0;104700.0;3.0;260804.0;229.0;148987.0;753.0;1423099.0;986.0;1937590.0;142.0;1664164.0;1128.0;3601754.0;;2022-01
128;59.615.005;PATACÃO DISTRIBUIDORA DE TÍTULOS E VALORES MOBILIÁRIOS LTDA.;5.0;308765.0;18.0;869925.0;14.0;63242.0;60.0;498675.0;97.0;1740606.0;52.0;1707694.0;149.0;3448300.0;;2022-01
129;17.635.177;CONEXION CORRETORA DE CÂMBIO LTDA.;;;3.0;177429.0;22.0;70395.0;239.0;1300567.0;264.0;1548391.0;406.0;1500792.0;670.0;3049183.0;;2022-01
130;04.902.979;BANCO DA AMAZONIA S.A.;24.0;1309741.0;9.0;356574.0;11.0;106487.0;29.0;97065.0;73.0;1869866.0;7.0;1140000.0;80.0;3009866.0;;2022-01
131;17.312.661;AMARIL FRANKLIN CORRETORA DE TÍTULOS E VALORES LTDA;45.0;1117343.0;8.0;121231.0;6.0;80008.0;21.0;141361.0;80.0;1459945.0;73.0;1435327.0;153.0;2895272.0;;2022-01
132;28.762.249;SADOC SOCIEDADE CORRETORA DE CÂMBIO LTDA.;4.0;67100.0;;;134.0;607857.0;130.0;823110.0;268.0;1498067.0;36.0;870772.0;304.0;2368839.0;;2022-01
133;15.122.605;LÚMINA CORRETORA DE CÂMBIO LTDA.;;;;;220.0;553978.0;209.0;1002280.0;429.0;1556258.0;90.0;669485.0;519.0;2225743.0;;2022-01
134;13.673.855;FRAM CAPITAL DISTRIBUIDORA DE TÍTULOS E VALORES MOBILIÁRIOS S.A.;;;12.0;307673.0;18.0;450393.0;25.0;304822.0;55.0;1062888.0;48.0;1062888.0;103.0;2125777.0;;2022-01
135;08.520.517;SOL CORRETORA DE CÂMBIO LTDA.;;;;;112.0;508357.0;186.0;976582.0;298.0;1484939.0;87.0;592357.0;385.0;2077296.0;;2022-01
136;15.168.152;CONSEGTUR CORRETORA DE CÂMBIO LTDA.;;;6.0;82553.0;17.0;77071.0;148.0;708516.0;171.0;868141.0;168.0;882641.0;339.0;1750781.0;;2022-01
137;23.010.182;GOOD CORRETORA DE CÂMBIO LTDA;;;;;120.0;296643.0;208.0;839273.0;328.0;1135916.0;92.0;528623.0;420.0;1664539.0;;2022-01
138;49.336.860;ING BANK N.V.;;;;;3.0;586017.0;7.0;67229.0;10.0;653247.0;2.0;992267.0;12.0;1645513.0;;2022-01
139;59.285.411;BANCO PAN S.A.;;;;;8.0;74218.0;28.0;691703.0;36.0;765921.0;5.0;750000.0;41.0;1515921.0;;2022-01
140;16.927.221;AMAZÔNIA CORRETORA DE CÂMBIO LTDA.;;;;;49.0;59520.0;114.0;636278.0;163.0;695798.0;137.0;618294.0;300.0;1314092.0;;2022-01
141;21.040.668;GLOBAL EXCHANGE DO BRASIL SOCIEDADE CORRETORA DE CÂMBIO LTDA.;;;;;148.0;570053.0;164.0;433793.0;312.0;1003846.0;7.0;139970.0;319.0;1143815.0;;2022-01
142;62.280.490;DIBRAN DISTRIBUIDORA DE TÍTULOS E VALORES MOBILIÁRIOS LTDA.;;;;;7.0;70020.0;121.0;480805.0;128.0;550825.0;88.0;510885.0;216.0;1061710.0;;2022-01
143;18.145.784;NUMATUR CORRETORA DE CÂMBIO LTDA.;;;;;58.0;27211.0;147.0;368757.0;205.0;395968.0;36.0;350713.0;241.0;746681.0;;2022-01
144;16.854.999;SINGRATUR CORRETORA DE CÂMBIO LTDA;;;;;35.0;33745.0;88.0;290970.0;123.0;324715.0;108.0;263066.0;231.0;587782.0;;2022-01
145;20.155.248;PARMETAL DISTRIBUIDORA DE TÍTULOS E VALORES MOBILIÁRIOS LTDA;;;;;98.0;65228.0;219.0;246747.0;317.0;311975.0;13.0;124074.0;330.0;436049.0;;2022-01
146;00.460.065;COLUNA S/A DISTRIBUIDORA DE TITULOS E VALORES MOBILIÁRIOS;;;;;91.0;123677.0;96.0;173290.0;187.0;296966.0;4.0;72705.0;191.0;369671.0;;2022-01
147;15.761.217;CORRETORA DE CÂMBIO AÇORIANA LIMITADA.;;;;;7.0;5157.0;72.0;134017.0;79.0;139174.0;65.0;119675.0;144.0;258849.0;;2022-01
148;03.443.143;AVIPAM CORRETORA DE CAMBIO LTDA;;;;;1.0;5556.0;9.0;48400.0;10.0;53956.0;9.0;53896.0;19.0;107852.0;;2022-01
149;15.077.393;MEGA CORRETORA DE CÂMBIO LTDA.;;;;;18.0;13735.0;22.0;53147.0;40.0;66883.0;6.0;36921.0;46.0;103804.0;;2022-01
150;09.512.542;CODEPE CORRETORA DE VALORES E CÂMBIO S.A.;;;;;;;10.0;11809.0;10.0;11809.0;3.0;53002.0;13.0;64811.0;;2022-01
151;52.937.216;BEXS CORRETORA DE CÂMBIO S/A;;;;;;;10.0;20953.0;10.0;20953.0;9.0;17453.0;19.0;38406.0;;2022-01
152;54.403.563;BANCO ARBI S.A.;4.0;29946.0;;;;;4.0;7785.0;8.0;37731.0;;;8.0;37731.0;;2022-01
153;33.886.862;MASTER S/A CORRETORA DE CÂMBIO, TÍTULOS E VALORES MOBILIÁRIOS;;;;;;;;;;;2.0;13000.0;2.0;13000.0;;2022-01
154;44.189.447;BANCO DE LA PROVINCIA DE BUENOS AIRES;;;;;5.0;7730.0;4.0;3391.0;9.0;11121.0;;;9.0;11121.0;;2022-01
155;38.486.817;BANCO DE DESENVOLVIMENTO DE MINAS GERAIS S.A.-BDMG;;;;;;;4.0;7422.0;4.0;7422.0;;;4.0;7422.0;;2022-01
156;13.720.915;BANCO WESTERN UNION DO BRASIL S.A.;;;;;;;1.0;1061.0;1.0;1061.0;;;1.0;1061.0;;2022-01
157;50.585.090;BCV - BANCO DE CRÉDITO E VAREJO S.A.;;;;;;;1.0;1060.0;1.0;1060.0;;;1.0;1060.0;;2022-01
158;33.042.953;CITIBANK N.A.;;;;;1.0;29.0;2.0;351.0;3.0;380.0;;;3.0;380.0;;2022-01
;;;;;;;;;;;;;;;;;;2022-01
Total;;;34201.0;14493411971.0;112827.0;17999324140.0;652832.0;43400856374.0;609757.0;39228089307.0;1409617.0;115121681791.0;70920.0;95149896331.0;1480537.0;210271578123.0;;2022-01
"Fonte: Sistema Câmbio; Dados extraídos em: 10/02/2022";;;;;;;;;;;;;;;;;;2022-01
Obs. Os dados para o Mercado Primário incluem os registros de contratos da natureza 99000 e não incluem os registros ACAM204.;;;;;;;;;;;;;;;;;;2022-01
Obs. Os dados para o Mercado Interbancário referem-se a registros de operações de arbitragens (no País e no exterior), operações entre instituições e operações com o Banco Central do Brasil.;;;;;;;;;;;;;;;;;;2022-01
;;;;;;;;;;;;;;;;;;2022-01
